{"cameraMode":{"drawMode":0,"name":"Shaded","section":"Shading Mode"},"sceneLighting":false,"audioPlay":false,"sceneViewState":{"showFog":true,"showMaterialUpdate":false,"showSkybox":false,"showFlares":true,"showImageEffects":true,"showParticleSystems":true},"in2DMode":false,"pivot":{"x":0.192225843667984,"y":1.3928706645965577,"z":3.990340232849121},"rotation":{"x":0.24342426657676698,"y":0.028221558779478074,"z":-0.007085549179464579,"w":0.9694887399673462},"size":1.062068223953247,"orthographic":false}