{"cameraMode":{"drawMode":0,"name":"Shaded","section":"Shading Mode"},"sceneLighting":false,"audioPlay":false,"sceneViewState":{"showFog":true,"showMaterialUpdate":false,"showSkybox":false,"showFlares":true,"showImageEffects":true,"showParticleSystems":true},"in2DMode":false,"pivot":{"x":2.940000057220459,"y":2.3603217601776125,"z":3.2309999465942385},"rotation":{"x":0.15536686778068543,"y":-0.004445141181349754,"z":0.0006991554400883615,"w":0.9878483414649963},"size":2.3528242111206056,"orthographic":false}