{"cameraMode":{"drawMode":0,"name":"Shaded","section":"Shading Mode"},"sceneLighting":false,"audioPlay":false,"sceneViewState":{"showFog":true,"showMaterialUpdate":false,"showSkybox":false,"showFlares":true,"showImageEffects":true,"showParticleSystems":true},"in2DMode":false,"pivot":{"x":-0.034830085933208469,"y":3.7683606147766115,"z":44.50965118408203},"rotation":{"x":0.15832842886447907,"y":0.005924541503190994,"z":-0.0009499446605332196,"w":0.987369954586029},"size":1.1985983848571778,"orthographic":false}