{"cameraMode":{"drawMode":0,"name":"Shaded","section":"Shading Mode"},"sceneLighting":false,"audioPlay":false,"sceneViewState":{"showFog":true,"showMaterialUpdate":true,"showSkybox":false,"showFlares":true,"showImageEffects":true,"showParticleSystems":true},"in2DMode":false,"pivot":{"x":0.0,"y":2.4000000953674318,"z":-45.630001068115237},"rotation":{"x":0.718673586845398,"y":-0.002086027292534709,"z":0.002156027825549245,"w":0.6953404545783997},"size":0.8660253882408142,"orthographic":false}