{"cameraMode":{"drawMode":0,"name":"Shaded","section":"Shading Mode"},"sceneLighting":false,"audioPlay":false,"sceneViewState":{"showFog":true,"showMaterialUpdate":false,"showSkybox":false,"showFlares":true,"showImageEffects":true,"showParticleSystems":true},"in2DMode":false,"pivot":{"x":-0.014999999664723874,"y":3.1500000953674318,"z":5.420000076293945},"rotation":{"x":0.07069965451955795,"y":0.038889169692993167,"z":-0.002773526357486844,"w":0.9967818260192871},"size":0.014999999664723874,"orthographic":false}