{"cameraMode":{"drawMode":0,"name":"Shaded","section":"Shading Mode"},"sceneLighting":true,"audioPlay":false,"sceneViewState":{"showFog":true,"showMaterialUpdate":false,"showSkybox":true,"showFlares":true,"showImageEffects":true,"showParticleSystems":true},"in2DMode":false,"pivot":{"x":2.5093095302581789,"y":-1.8289222717285157,"z":1303.406005859375},"rotation":{"x":0.00882126297801733,"y":0.9553502202033997,"z":-0.2939552068710327,"w":0.028669146820902826},"size":27.21804428100586,"orthographic":false}